language,iso,value,sources,comment,source_comment
'Are'are,alu,NnAD,"hh:g:Naitoro:Areare[72, 88]",,
//Ani,hnh,DNAn,hh:s:Heine:Ani[34],,
Abau,aau,nAND,"hh:g:Lock:Abau[77, 106, 109]",,
Abui,abz,DnAN,hh:g:Kratochvil:Abui[14],"The formula in Kratochvil (2007: 14) includes an item “Dem” at the end of the noun phrase. This denote “anaphoric demonstratives”, while “Dei” at the beginning of the noun phrase denotes demonstratives used exophorically. I treat the latter as demonstratives for the purposes of this study.",
Abun,kgr,nAND,"hh:g:BerryBerry:Abun[67, 69]",,
Acehnese,ace,NnAD,"hh:g:Durie:Acehnese[130, 136]",,
Adang,adn,nAND,hh:g:Haan:Adang[124],,
Aghem,agq,nADN,eballiso2009:54293[27],,
Akan,aka,nAND,wals:1070[106],,
Akha,ahk,nADN,hh:s:Hansson:Akha[241],,
Akoose,bss,DnAN,hh:g:Hedinger:Akoose[34],,
Akuntsú,aqz,DNnA,hh:g:Aragon:Akuntsu[176],,
Alamblak,amp,DNAn,hh:g:Bruce:Alamblak:1980[99],,
Alas,btz,NnAD,hh:sd:Soravia:Alas[59],,
Amara,aie,nAND,hh:s:Thurston:Amara[213],,
Ambae (Lolovoli Northeast),omb,nAND,hh:g:Hyslop:Lolovoli[105],,
Ambai,amk,nAND,hh:g:Silzer:Ambai[85],,
Ambulas,abt,DAnN,"hh:g:Wilson:Ambulas[85, 91]",,
Amis,ami,DNAn,hh:g:Wu:Amis[99],,
Amuzgo,azg,NnAD,"hh:sd:StewartStewart:Amuzgo[410, 412]",,
Anamuxra,imi,nAND,hh:g:Ingram:Anamuxra[288],,
Anêm,anz,nDAN,hh:s:Thurston:Anem-Lusi:1980[25],,
Angami,njm,nAND,hh:s:Giridhar:Angami[57],,
Anong,nun,nADN,hh:g:SunLiu:Anong[115],,
Anufo,cko,DnAN,hh:g:Smye:Anufo[41],,
Ao,njo,nAND,"hh:g:Coupe:Mongsen-Ao[201, 209];hh:s:Gowda:Ao[63]","While the formula given by Coupe (2007: 201) includes both prenominal and postnominal positions for “attributes”, the prenominal position is reserved for relative clauses, so semantic adjectives follow the verb (p. 209).",
Apatani,apt,DnAN,"hh:g:Abraham:Apatani[66-67, 124-125]","Although Abraham (1985: 124 and elsewhere) describes a set of words he calls determiners following the noun which exhibit a distal-proximate distinction, these words only occur on subjects, the glosses never seem to use English demosntratives, and there are examples where these occur with noun phrases glossed as indefinite, so I treat the prenominal position (p. 29) as basic.",
Apurinã,apu,DNnA,wals:4757[4];hh:g:Facundes:Apurina[458],"Facundes (2000: 458) gives a formula showing that the demonstrative and numeral precede the noun, in that order. Polak (1894: 4) describes the language as Noun- Adjective.",
Arabic (Eastern Libyan),ayl,DnAN,hh:g:Owens:Easten-Libyan-Arabic[81];hh:g:Abdunnabi:Libyan-Arabic[231-232],"The formula in Owens (1984: 81) shows both prenominal and postnominal positions for demonstratives, but Abdunnabi (2000: 231-232) implies that the prenominal one is dominant.",
Arabic (Gulf),afb,DNnA,"hh:g:Holes:Gulf[60, 62]",,
Araki,akr,nADN,hh:g:Francois:Araki[102],,
Araona,aro,DnAN,hh:g:Emkow:Araona[368],"Numerals in Araona greater than three precede the noun, while the words for ‘one’, ‘two’, and ‘three’ follow the noun. I treat the postnominal position as the dominant one, on the assumption that the three smallest numerals are more frequent than higher numerals.",
Arapesh (Abu),aah,nDNA,hh:g:Nekitel:Abu[95],,
Arawak,arw,DNAn,hh:g:Pet:Lokono[91],,
Archi,aqc,DNAn,hh:s:Kibrik:Archi[341-342],,
Armenian (Eastern),hye,DNAn,hh:g:Dum-Tragut:Modern-Eastern-Armenian[599];hh:s:Stevick:East-Armenian[56],,
Arop-Lokep,apr,nAND,hh:s:DJernes:Arop-Lokep[255],,
Arop-Sissano,aps,nAND,hh:s:Whitacre:Arop-Sissano[29],,
Arrernte (Mparntwe),aer,nAND,"hh:g:Wilkins:Arrernte[102, 418]",,
Assiniboine,asb,nAND,hh:g:Cumberland:Assiniboine[384],"The formula given by Cumberland (2005: 384) shows quantifiers (including numerals) either preceding or following a demonstrative, but p. 367 explains that N-Dem-Num order involves partitive meaning (‘three of those ...’) while N-Num-Dem involves the meaning relevant to this study (‘those three ...’).",
Athpare,aph,DNAn,hh:g:Ebert:Athpare[108],,
Au,avt,nAND,hh:s:Scorza:Au[240],,
Avava,tmv,nAND,hh:g:Crowley:Avava[64],,
Awa,awa,DNAn,hh:s:Loving:Awa[78-80],,
Awa Pit,kwi,DNAn,hh:g:Curnow:Awa[117],,
Awad Bing,bcu,nAND,hh:g:BennettBennett:AwadBing[178-179],,
Awtuw,kmn,DnAN,hh:g:Feldman:Awtuw[116],"Although the rule given by Feldman (1986: 116) allows numerals to either precede or follow the noun, my text counts show postnominal numerals to be more frequent.",
Azerbaijani,azj,DNAn,hh:g:Lee:Iranian-Azerbaijani[124],,
Babungo,bav,nADN,hh:g:Schaub:Babungo[77],,
Baga Sitemu,bsp,nDAN,hh:s:Ganong:Baga[28],,
Bai,bca,AnDN,hh:s:Wiersma:Bai[669],,
Bajau (West Coast),bdr,NnAD,hh:g:Miller:WCoastBajau[312],,
Baka (in Cameroon),bkc,AnDN,hh:g:Kilian-Hatz:Baka[22];hh:d:BrissonBoursier:Baka[ix],,
Bakueri,bri,DnNA,hh:s:Kagaya:Bakueri[25-26],,
Bali-Vitu,bbn,nAND,hh:g:vandenBergBachet:Vitu[64],,
Baluchi,bgn,DNAn,hh:g:Axenov:Turkmenistan[232],,
Bandjalang,bdy,DNAn,hh:gt:Sharpe:Yugambeh-Bandjalung[98],,
Barai,bbb,nAND,hh:s:Olson:Barai:1975[490],,
Bargam,mlp,nAND,hh:g:Hepner:Bargam[91],,
Bari,bfa,DnAN,"hh:g:Spagnolo:Bari[58, 75, 85]",,
Barupu,wra,xxxx,corris_grammar_2008
Baruya,byr,nAND,"hh:typ:Lloyd:Gender-Baruya[4, 95]",,
Bashkir,bak,DNAn,hh:g:Poppe:Bashkir[81];hh:s:Berta:Tatar-Bashkir[297],,
Basque,eus,NnAD,hh:g:Saltarelli:Basque[80],,
Batak (Karo),btx,NnAD,hh:g:Woollams:KaroBatak[106],,
Batuley,bay,nAND,hh:g:Daigle:Batuley[99],,
Baule,tul,nAND,hh:s:NGuessan:Baoule[296],,
Baure,brg,DNnA,hh:g:Danielsen:Baure[169];autotyp:3663[42],,
Bawm,bgr,nAND,"hh:g:Reichle:Bawm[37, 42]",,
Bayso,bsw,DnNA,eballiso2009:55060[118],"Adjectives more often precede the noun in Bayso, but more often follow if there is another modifier (Hayward 1979: 118).",
Begak-Ida'an,dbj,nAND,"hh:g:Goudswaard:Begak[271, 273]",,
Bembe,bmb,DnNA,hh:typ:Iorio:Kibembe[64],,
Bengali,ben,DNAn,hh:g:Thompson:Bengali:2010[299];hh:g:Thompson:Bengali[127],,
Biak,bhw,nAND,hh:g:vandenHeuvel:Biak[201],,
Bilua,blb,DNAn,hh:g:Obata:Bilua[77],,
Bimin,bhl,nAND,hh:s:Weber:Bimin[47],,
Binandere,bhg,nAND,hh:s:Wilson:Binandere:Nominal[82],,
Birom,bom,nAND,"hh:g:Bouquiaux:Birom[276, 278]",,
Bisu,bzi,nADN,hh:styp:Person:Bisu[39];hh:typ:Day:Bisu[57],,
Bobo Madaré (Southern),bwq,DnAN,"hh:g:Sanou:Bobo[219-222, 231]",,
Borong,ksr,nAND,hh:s:OlkkonenOlkkonen:Borong[16],,
Boruca,brn,DNnA,hh:s:Quesada:Boruca:1994[41];hh:typ:Castro:Boruca[213],"The formula in Castro (2010: 213) says Dem-Quant-N-Quant-Adj, without identifying what governs the two positions of quantifiers, but the discussion in Quesada (1994: 41) implies that numerals normally precede the noun.",
Brao,brb,nAND,hh:s:Keller:Brao[29-30],,
Breton,bre,NnAD,"hh:g:Press:Breton[46, 77, 104]",,
Bribri,bzd,nAND,hh:d:Margery:Bribri[xxvii],,
Brokskat,bkk,DNAn,hh:g:Ramaswami:Brokskat[86],,
Buang (Mapos),bzh,nAND,hh:g:Hooley:Mapos-Buang[186],,
Bukawa,buk,nAND,hh:g:Eckermann:Bukawa[106],,
Bulgarian,bul,DNAn,hh:s:Scatton:Bulgarian[223],,
Buma,tkw,nNAD,hh:s:Tryon:Buma[576],,
Bunan,bfu,DNAn,hh:g:Widmer:Bunan[360];hh:g:Widmer:Bunan:2017[315],,
Burmese,mya,DnAN,hh:g:Soe:Burmese[39],,
Buru,agh,nAND,hh:g:Grimes:Buru[185],,
Burushaski,bsk,DNAn,hh:g:Lorimer:Burushaski[404],,
Busa,bqp,nAND,hh:g:Wedekind:Busa[23],,
Byansi,bee,DNAn,hh:g:Trivedi:Byansi[24],,
Cacua,cbv,DNnA,hh:g:Bolanos:Kakua[211],"Although the formula in Bolanos (2016: 211) says Dem-Num-Adj-N-Adj, the author mentions (p. 116) that the postnominal position for adjectives is more common.",
Camus,saq,DnNA,hh:s:Heine:Camus[109],,
Cantonese,yue,DNAn,hh:g:MatthewsYip:Cantonese[88],,
Catalan,cat,DNnA,"hh:g:Hualde:Catalan[116, 131]",,
Cavineña,cav,DNnA,hh:g:Guillaume:Cavinena[70-71],"It is clear from the formula in Guillaume (2008: 70) that the numeral precedes the noun and the adjective follows. There is one slot preceding the numeral, namely relative clause, but Guillaume (2008: 71) explains that this is usually filled by a very specific type of relative clause, one involving a demonstrative adverb followed by a copula verb. This is the only way to express an adnominal demonstrative in Caveneña.",
Chakali,cli,nAND,hh:g:Brindle:Chakali[280];hh:gd:Brindle:Chakali:2017[386],,
Chaldean (Modern),cld,DNnA,hh:s:Sara:Modern-Chaldean[101],,
Cham (Eastern),cjm,NnAD,hh:s:Thurgood:Phan[498],,
Chantyal,chx,DNAn,hh:s:Noonan:Chantyal[329],,
Chatino (Sierra Occidental),ctp,NnAD,hh:g:Pride:Chatino[29],,
Chechen,che,DANn,,,Johanna Nichols (pc)
Chepang,cdm,DNAn,hh:styp:Caughley:Chepang:1980[40],,
Chichewa,nya,nAND,hh:s:BentleyKulemekea:Chichewa[221],,
Chickasaw,cic,nAND,,,Pamela Munro (pc)
Chinantec (Comaltepec),cco,NnAD,hh:g:Anderson:Comaltepec[55],,
Chinantec (Lealao),cle,NnAD,"hh:g:Rupp:Lealao[61, 73]",,
Chipaya,cap,DNAn,hh:g:Cerron-Palomino:Chipaya[195],,
Choctaw,cho,nAND,hh:g:Thurston:Choctaw:1979[27-28],,
Chong,cog,nAND,hh:g:Rojanakul:Chong[103],,
Chortí,caa,NAnD,hh:g:Perez:Chorti[118],,
Chumburung,ncu,nAND,hh:g:Hansford:Chumburung[71],,
Creek,mus,DnAN,hh:g:Martin:Creek[372],,Jack Martin (pc)
Daakaka,bpa,nAND,hh:g:vonPrince:Daakaka:2015[96],,
Daga,dgz,nAND,hh:g:Murane:Daga[89],,
Dagur,dta,DNAn,hh:g:Martin:Dagur,,
Dan,dnj,nNAD,hh:s:Doneux:Dan[39-40],"The numeral can precede or follow the adjective in Dan, but the order depends on the definiteness of the noun phrase: it precedes the adjective if the noun phrase is definite, but follows if it is indefinite. Since noun phrases with a demonstrative are definite, I treat Dan as nNAD for the purposes of this study (Doneux 1968: 39).",
Darma,drd,DNAn,hh:g:Willis:Darma[316],,
Dâw,kwa,DNnA,hh:g:Martins:Daw:2004[544-545],,
Day,dai,nAND,hh:g:Nougayrol:Day[137-138],,
Dhivehi,div,DANn,"hh:s:CainGair:Dhivehi[33];hh:g:Cain:Dhivehi[78];hh:g:Gnanadesikan:Dhivehi[191, 194]","The statements in Cain and Gair (2000: 33) and Cain (2000: 78) only make it clear that the numeral immediately precedes the noun in Dhivehi, without explicitly stating that the demonstrative precedes the adjective (although it does in the one example they cite). However, Gnanadesikan (2017: 194) is explicit about the demonstrative preceding the adjective.",
Digo,dig,DnNA,"hh:g:Nicolle:Digo[29, 81]",,
Dii,dur,nAND,hh:g:Bohnhoff:Dii[155],,
Diola-Fogny,dyo,nDAN,hh:g:Sapir:Diola[87],,
Dong (Southern),kmc,NnAD,hh:s:YangEdmondson:Kam[527],,
Doyayo,dow,nAND,hh:g:WieringWiering:Doyayo[166],,
Drehu,dhv,NnDA,mpieva:Tryon1968Dehugram[60-61],,
Duna,duc,nAND,hh:g:SanRoque:Duna[128],,
Dzùùngoo,dnn,DnAN,"hh:g:Solomiac:Dzuungoo[309, 319]",,
Ebrie,ebr,nAND,hh:s:Bole-Richard:Ebrie[334],,
Edolo,etr,nAND,hh:s:Gossner:Edolo[91],,
Efik,efi,AnND,"hh:typ:Mensah:Efik:Noun-Phrases[97, 101]",,
Ega,ega,nADN,autotyp:6045[380],,
Emberá (Northern),emb,DnAN,hh:g:Mortensen:NEmbera[39],"Although Mortensen (1999) does not appear to be explicit about adjectives being closer to the noun than numerals, this is implied by the fact that the case clitics attach to adjectives rather than the noun but to the noun when there is a numeral (p. 39).",
Engenni,enn,nAND,hh:g:Thomas:Engenni[114],,
English,eng,DNAn,,,personal knowledge
Estonian,ekk,DNAn,hh:g:Tauli:Estonian[189],,
Evenki,evn,DNAn,hh:g:Nedjalkov:Evenki[86],,
Ewe,ewe,nAND,hh:g:Ameka:Ewe[45],,
Fataluku,ddg,nAND,hh:s:Langford:Fataluku[49],,
Fijian,fij,NnAD,hh:g:Dixon:Boumaa[112],,
Finnish,fin,DNAn,hh:typ:DalPozzo:Finnish[13],,
Fongbe,fon,nAND,hh:g:LefebvreBrousseau:Fongbe[56],,
Fore,for,DAnN,hh:g:Scott:Fore[89],,
French,fra,DNnA,,,personal knowledge
Fulniô,fun,DnAN,hh:g:daCosta:Yathe[108],,
Fur,fvr,DnNA,"hh:g:Beaton:Fur[58, 76]",,
Galo,adl,AnND,hh:g:Post:Galo[291],"The formula in Post (2007: 291) does not explicitly mention adjectives, but semantic adjectives modifying nouns are formally relative clauses (p. 295), which the formula does represent as preceding the noun.",
Gamo,gmv,DNAn,hh:g:Taylor:Gamo[59],,
Garo,grt,DnAN,hh:s:Burling:Garo:1961[392-393],,
Gayo,gay,NnAD,hh:g:Eades:Gayo[201],,
Georgian,kat,DNAn,hh:g:Vogt:Georgienne[220],,
Girawa,bbr,DnNA,hh:g:GasawaySims:Girawa[47],,
Goajiro,guc,NnAD,hh:g:Ehrman:Wayuunaiki[41],,
Godoberi,gdo,DNAn,hh:g:Kibrik:Godoberi[153],,
Gojri,gju,DNAn,hh:s:Losey:Gojri[107],,
Golin,gvf,nAND,"hh:g:Bunn:Golin[79, 82-83]",,
Greek (Modern),ell,DNAn,hh:g:Mackridge:Modern-Greek[193-194],,
Guaraní,gug,DNnA,hh:g:GregoresSuarez:Guarani[150],,
Guhu-Samane,ghs,nAND,hh:s:Gamudze:Guhu-Samane[25],,
Gujarati,guj,DNAn,hh:s:Doctor:Gujarati[77],,
Gungbe,guw,nADN,hh:styp:Aboh:Gungbe[94],,
Gurung,gvr,DAnN,hh:g:Glover:Gurung[96-97],,
Gwama,kmq,nAND,hh:s:KievitRobertson:Gwama[85-86],,
Gwari,gbr,nAND,hh:g:HymanMagaji:Gwari[46],,
Gyarong (Cogtse),jya,DnAN,lapolla-tibeto-burman:1290[471];hh:s:Nagano:Cogtse[471],,
Haida,hai,DnAN,hh:g:Enrico:Haida[58-62],,
Halia,hla,NnAD,"hh:g:Allen:Halia[18, 21, 39]",,
Hani,hni,nADN,hh:g:Li:Hani:1990[155],,
Harari,har,DNAn,hh:g:Mitiku:Harari[478],,
Hatam,had,nAND,hh:g:Reesink:Hatam[79],,
Hawaiian,haw,DNnA,hh:g:ElbertPukui:Hawaiian[41],Semantic adjectives are called ‘qualifiers’ by Elbert and Pukui (1979).,
Haya,hay,nNDA,hh:phon:ElliottElliott:Berin[13],,
Hayu,vay,DNAn,hh:g:Michailovsky:Hayu[170],,
Hkongso,anl,DnAN,hh:s:Wright:Hkongso[34],,
Hmong Njua,hnj,NnAD,"hh:g:Harriehausen:Hmong[98, 144]",,
Hoava,hoa,NnAD,hh:g:Davis:Hoava[34],,
Hua,ygr,DNAn,hh:g:Haiman:Hua[257],,
Huastec (Southeastern),hus,DNAn,hh:g:Kondic:Huastec[141],,
Huli,hui,nAND,hh:g:Lomas:Huli[222],,
Hungarian,hun,DNAn,hh:g:KeneseiVagoFenyvesi:Hungarian[102],,
Hunzib,huz,DNAn,hh:g:vandenBerg:Hunzib[117],,
Hup,jup,DNnA,hh:g:Epps:Hup[284],,
I'saka,ksi,nAND,hh:g:DonohueSanRoque:Isaka[90],,
Iaai,iai,NAnD,hh:s:Lynch:Iaai[781],,
Iatmul,ian,DAnN,hh:s:Staalsen:Iatmul[18-19],,
Ibibio,ibb,AnND,hh:g:Kaufman:Ibibio[189],,
Iduna,viv,DnAN,hh:s:Huckett:Iduna:1974[90],,
Ifira-Mele,mxe,nAND,hh:s:Clark:Ifira-Mele[685],,
Igbo,ibo,nAND,hh:g:Emenanjo:Igbo[80],,
Igede,ige,nAND,hh:s:Bergman:Igede[18],,
Igo,ahl,nAND,hh:g:Gblem:Igo[187],,
Ik,ikx,nDNA,hh:hv:Serzisko:Kuliak[391];hh:g:Heine:Ik[86],,
Iká,ikk,nAND,hh:typ:Maho:Ika[21],,
Inanwatan,szp,nNAD,hh:s:deVries:Inanwatan[64],,
Indonesian,ind,NnAD,"hh:g:Sneddon:Indonesian:1996[132, 155-156]",,
Ingush,inh,DANn,hh:s:Nichols:Ingush[116];hh:g:Nichols:Ingush[445],,
Irarutu,irh,nAND,hh:s:MatsumuraMatsumura:Irarutu[105];hh:g:Jackson:Irarutu[64],,
Isirawa,srl,nAND,hh:typ:Oguri:Isirawa:Noun-Phrase[87],,
Ixil,ixl,DNAn,hh:typ:Townsend:Cotzal-Ixil[3],,
Iyo,nca,nAND,hh:s:Minter:Iyo[83],,
Jabêm,jae,nAND,hh:s:Dempwolff:Jabem[279];hh:s:BradshawCzobor:Jabem[91],,
Jahai,jhi,NnAD,hh:g:Burenhult:Jahai[140],,
Jakaltek,jac,NAnD,"hh:g:Day:Jacaltec[66, 99]",,
Jalonke,yal,DnAN,hh:g:Lupke:Jalonke[100],,
Jamsay,djm,nADN,hh:g:Heath:Jamsay[15],,
Japanese,jpn,DNAn,,,Kimio Tanihara (pc)
Jaqaru,jqr,DNAn,hh:g:Hardman:Jaqaru:2000[107],,
Jarawa (in Andamans),anq,DNnA,hh:g:Kumar:Jarawa[208-209],,
Jeli,jek,DnAN,hh:g:Trobs:Jeli[166],,
Kairiru,kxa,nAND,hh:g:Wivell:Kairiru[39],,
Kaki Ae,tbd,DnAN,hh:s:Clifton:Kaki[30],,
Kako,kkj,AnDN,hh:s:Ernst:Kako[121],,
Kalami,gwc,DNAn,hh:g:Baart:Kalam[25],"In definite noun phrases, the order of numeral, adjective and noun is Num-Adj-N, while in indefinite noun phrases the order is Adj-Num-N.",
Kamasau,kms,nAND,hh:s:SandersSanders:Kamasau[6],,
Kanite,kmu,DNAn,hh:g:GibsonMcCarthy:Kanite[67],,
Kannada,kan,DNAn,hh:g:Schiffman:Kannada[98];hh:g:Sridhar:Kannada[98],,
Kanuri,knc,nAND,"hh:g:Lukas:Kanuri[30, 128];mpieva:Hutchison1981Areferen[203]",,
Kara (in Papua New Guinea),leu,nAND,hh:g:Dryer:Kara-Lemakot[59],,
Karen (Sgaw),ksw,nAND,hh:g:Jones:Karen[43],,
Kashmiri,kas,DNAn,hh:g:WaliKoul:Kashmiri[103],,
Kasong,,nAND,hh:s:Sunee:Kasong:2002[62],,
Katu,ktv,NnDA,"hh:typ:Costello:Katu:1969[22, 34]",,
Kaulong,pss,nADN,hh:s:Ross:Kaulong[395],"The formula given by Ross (2002b: 395) might suggest that the order is N-Dem-A- Num. However, the item that Ross treats as “Dem” can also mean ‘the’ and a contrast between ‘this’ and ‘that’ is coded by a deictic word that occurs after the adjective and before the numeral.",
Kele,sbc,nNAD,hh:s:Ross:Kele[132],,
Kenyang,ken,nADN,hh:typ:Ramirez:Kenyang[28],,
Keo,xxk,nAND,hh:g:Baird:Keo[186],,
Ket,ket,DNAn,hh:g:Werner:Ketische[335],,
Kewa,kew,DAnN,hh:typ:Franklin:Kewa:Word[2],,
Kham (Dege),khg,nAND,"mpieva:Hasler1999Agrammar[93, 238]",,
Kham (Nangchen),khg,nAND,hh:gt:Causemann:Nangchenpas[78],,
Kham,kjl,DNAn,hh:g:Watters:Kham[192],,
Khanty,kca,DNAn,hh:g:Filchenko:EKhanty[303];hh:g:Filchenko:Eastern-Khanty[309],,
Khasi,kha,DNnA,hh:g:Rabel:Khasi[131],,
Khmer,khm,nAND,hh:s:Ehrman:Cambodian[19];hh:g:Haiman:Cambodian[141],,
Kifuliiru,flr,DnAN,hh:g:VanOtterlooVanOtterloo:Fuliiru[138-139],,
Kilivila,kij,NnDA,hh:sd:Senft:Kilivila[105],,
Kinnauri,kfk,DNAn,hh:g:Sharma:Kinnauri[114],,
Klon,kyo,nAND,hh:g:Baird:Klon[81],,
Kobon,kpw,nADN,hh:g:Davies:Kobon[65],,
Koiali (Mountain),kpx,nAND,hh:s:GarlandGarland:Mountain-Koiali:1975[434],,
Koiari,kbk,nADN,hh:s:Dutton:Koiari[60],,
Koita,kqi,nAND,hh:s:Dutton:Koita[315],,
Kokborok,trp,DnAN,"hh:s:Pai:Kokborok[32, 91]","Although the formula given by Karapurkar (1976: 91) gives positions for adjectives both before and after the noun, the preceding discussion only mentions postnominal position, so I treat this as the dominant order.",
Kokota,kkk,NnAD,autotyp:2620[505],,
Koluwawa,klx,nDAN,"hh:s:GuderianGuderian:Koluwawa[58, 61]",,
Komba,kpf,nAND,"hh:g:Southwell:Komba[135, 137]",,
Konkani,knn,DNAn,hh:g:Almeida:Konkani[234],,
Korafe,kpr,nAND,hh:g:Farr:Korafe[67],,
Korean,kor,DNAn,hh:g:Sohn:Korean:1999[117],,
Koromfe,kfz,nAND,hh:g:Rennison:Koromfe[87],,
Kosraean,kos,nAND,hh:g:Lee:Kusaiean[237],,
Kotiria,gvc,DNnA,hh:g:Stenzel:Wanano:2013[196],,
Koyra Chiini,khq,nAND,hh:g:Heath:Chiini[83],,
Koyraboro Senni,ses,nAND,hh:g:Heath:Senni[114],,
Kugu Nganhcara,uwa,nAND,hh:g:SmithJohnson:Nganhcara[388],,
Kulango,nku,nAND,hh:g:Elders:Kulango[294],,
Kulina,cul,DnAN,hh:g:Dienst:Kulina:2014[225],,
Kullo,dwr,DNAn,hh:s:Allan:Kullo[328],,
Kuman,kue,DnAN,hh:s:Trefry:KumanPawaian[38],,
Kumauni,kfy,DNAn,hh:s:AptePattanayak:Kumauni[61],,
Kunama,kun,nAND,hh:s:Thompson:Kunama[304],,
Kuot,kto,DNnA,hh:s:ChungChung:Kuot[18];ldh:item_400275[3],,
Kurmanji,kmr,DNnA,strunk2003[1],,
Kurtöp,xkz,DnAN,hh:g:Hyslop:Kurtop[254],,
Kuuk Thaayorre,thd,nAND,hh:g:Gaby:Thaayorre[277];hh:g:Gaby:Thaayorre:2017[195],,
Kuvi,kxv,DNAn,hh:g:Israel:Kuvi[257-258],,
Kwaio,kwd,NnAD,guldemann:2427[85],,
Kyaka,kyc,nAND,"hh:sd:DraperDraper:Kyaka-Enga[17, 21]",,
Labu,lbu,nAND,hh:s:Siegel:Labu[95],,
Laggori,liu,nDAN,hh:w:Alamin:Laggori[23],,
Lalo,yik,nADN,hh:g:Bjorverud:Lalo[117],,
Lamani,lmn,DNAn,hh:g:Trail:Lamani[83],,
Lampung,ljp,NnAD,hh:s:Walker:Lampung[17],,
Lango,laj,nNAD,hh:g:Noonan:Lango:1981[154],,
Lawa (Eastern),lwl,nAND,hh:g:Blok:Eastern-Lawa[56],,
Leggbó,agb,nAND,hyman2002,,
Lenakel,tnl,nAND,hh:s:Lynch:Lenakel:1971[74],,
Leti,lti,nAND,hh:g:vanEngelenhoven:Leti:1995[166],,
Lewo,lww,nAND,hh:g:Early:Lewo[186],,
Lhomi,lhm,nAND,hh:g:Vesalainen:Lhomi:2016[49],,
Linda,liy,AnDN,"hh:g:Cloarec-Heiss:Banda-Linda[75, 217]",,
Lisu,lis,nADN,hh:s:Bradley:Lisu[227-228],,
Logba,lgq,nAND,hh:g:Dorvlo:Logba[69],,
Logoti,log,nAND,hh:hvtyp:Tucker:Madi[289];hh:g:Irumu:Logoti[250],The claim that the adjective precedes the numeral and demonstrative is based on Irumu (1986: 250). The claim that the demonstrative follows the numeral is based on Tucker (1940: 289).,
Lolo (Yao’An),ycl,nADN,"hh:g:Merrifield:Yaoan[85, 89]",,
Longgu,lgu,NnAD,autotyp:2632[545],,
Loniu,los,nAND,hh:g:Hamel:Loniu:1985[144];hh:g:Hamel:Loniu[89],,
Lotha,njh,nAND,hh:g:Acharya:Lotha[120-121],,
Loven,lbo,nAND,"hh:g:Jacq:Jruq[364, 379]",,
Lua,nie,nDAN,hh:styp:Vanderkooi:Niellim[24],,
Luiseño,lui,DNnA,wals:3855[208],,
Luo,luo,nNAD,"hh:g:Omondi:Dholuo[71, 123, 245]",,
Lusi,khl,nADN,"hh:g:Counts:Kaliai-Kove[125, 135, 138]",,
Maba,mde,nNAD,"hh:g:Trenga:Bura-Mabang[71, 80]",,
Madak,mmx,DNnA,hh:typ:Lee:Madak:Noun[2],,
Magar,mrd,DNAn,hh:g:Grunow-Harsta:Magar[362],,
Maia,sks,nAND,hh:s:Hardin:Maia[93],,
Mairasi,zrs,nAND,hh:s:Peckham:Mairasi:2000[108],,
Maisin,mbq,nADN,hh:s:Ross:Maisin[53],,
Makasae,mkz,nNAD,hh:s:Huber:Makasae[45],,
Malayalam,mal,DNAn,hh:g:Asher:Malayalam[133],,
Maleu,mgl,nAND,hh:s:Haywood:Maleu[163],,
Malgwa,mfi,nAND,hh:g:Lohr:Malgwa[239],,
Mam,mam,DNnA,hh:g:England:Mam[140],"Adjectives precede the noun in Mam (England 1983: 197) when there is no other modifier of the noun, but follow if there is another modifier.",
Mandan,mhq,nAND,"hh:s:Mixco:Mandan[21, 38]","Although the formula given by Mixco (1997: 38) does not include adjectives, it is clear that adjectives precede numerals in Mandan, since p. 38 that the definite article enclitic attaches to relative clauses (and this includes semantic adjectives (p. 21)), while the formula on p. 38 shows the definite article clitic preceding quantifiers (including numerals).",
Mandarin,cmn,DNAn,hh:g:LiThompson:Mandarin[124];hh:typ:Wang:Chinese[21],,
Mandinka (Gambian),mnk,DnAN,"hh:g:Rowlands:Mandinka[46, 65]",,
Manggarai,mqy,NnAD,"hh:s:Semiun:Manggarai[40, 42-43]",,
Mangghuer,mjg,DNAn,hh:g:Slater:Mangghuer:1998[90],,
Maninka (Western),mlq,nADN,wals:1384[266],,
Manx,glv,NnAD,hh:s:Broderick:Manx[342],,
Maore Comorian,swb,nAND,hh:g:Alnet:Shimaore[72-73],,
Mapudungun,arn,DNAn,hh:g:Smeets:Mapuche:1989[131];hh:g:Hernandezetal:Mapuche[67],,
Maranungku,zmr,nADN,hh:g:Tryon:Maranungku[16],,
Marathi,mar,DNAn,hh:g:Pandharipande:Marathi[157];hh:g:DhongdeWali:Marathi[195],,
Mauwake,mhl,nAND,hh:g:Berghall:Mauwake[207];hh:g:Berghall:Mauwake:2015[231],,
Mavea,mkv,nADN,hh:g:Guerin:Mavea:2011[142],,
Maybrat,ayz,nAND,hh:g:Dol:Maybrat:1999[141];hh:g:Dol:Maybrat[127];hh:typ:Brown:Mai-Brat[47],,
Mayogo,mdm,AnND,hh:s:Sawka:Mayogo[64],,
Mazatec (Chiquihuitlán),maq,NnAD,hh:typ:Jamieson:Chiquihuitlan-Mazatec:Phrases[1],,
Mbum,mdd,nAND,hh:g:Hagege:Mbum[242],,
Mekeo,mek,DnAN,hh:s:Amala:Mekeo[22],,
Menya,mcr,nAND,hh:g:Whitehead:Menya[47],,
Meyah,mej,nAND,"hh:g:Gravelle:Meyah:2004[167, 176];hh:g:Gravelle:Meyah[145, 151]",,
Mian,mpt,nAND,hh:g:Fedden:Mian[203],,
Migili,mgi,nNAD,hh:g:Stofberg:Migili[232],,
Minangkabau,min,NnAD,hh:s:Crouch:Minangkabau[65],,
Mixe (Ayutla),mxp,DNAn,hh:g:Romero-Mendez:Ayutla-Mixe[269],,
Mixtec (Diuxi-Tilantongo),xtd,NnAD,"hh:g:KuiperOram:Diuxi-Tilantongo-Mixtec[269, 276]",,
Mixtec (Jicaltepec),mio,NnAD,"hh:s:Bradley:Jicaltepec-Mixtec[50, 60]",,
Mixtec (Yosondúa),mpm,NnAD,"hh:g:Farris:Yosondua-Mixtec[73, 83-84]",,
Miya,mkf,DnAN,"hh:g:Schuh:Miya[257, 277]","While the formula given by Schuh (1998: 277) shows position for adjectives both before and after the noun, he says (p. 257) that the preferred position for adjectivs is after the noun.",
Mnong (Central),cmo,nAND,"hh:styp:Bequette:Bunong[28, 33]",,
Moken,mwt,nAND,hh:g:Chantanakomes:Moken[158],,
Mokilese,mkj,nAND,hh:g:Harrison:Mokilese[105],,
Mona,moa,DnAN,hh:g:Fleming:Mona[56-57],,
Mor,mhz,nDAN,hh:s:Laycock:Mor[299],,
Moro,mor,nDNA,hh:s:BlackBlack:Moro[26];hh:typ:Jenks:Moro:Movement[248],,
Moskona,mtj,nAND,hh:g:Gravelle:Moskona[215],,
Motuna,siw,DnAN,"hh:g:Onishi:Motuna[222-223, 231]",,
Muisca,chb,DnAN,hh:s:Ostler:Muisca[215],,
Muna,mnb,NnAD,"hh:g:vandenBerg:Muna[110, 133]","Although the formula in Van Den Berg (1989: 133) allows numerals (there called measure phrases) either before of after the noun, the preferred position is before the noun (p. 110)",
Mundani,mnf,nADN,hh:typ:Parker:Mundani[168],,
Mungbam,mij,nAND,hh:g:Lovegren:Mungbam[176],,
Munzombo,moj,AnDN,hh:g:Boyi:Munzombo[256],,
Musqueam,hur,DNAn,"hh:g:Suttles:Musqueam[66, 339]",,
Mwotlap,mlv,nAND,hh:s:Crowley:Mwotlap[592];hh:s:Francois:Mwotlap[122],,
Nabak,naf,nAND,hh:g:FabianFabianWaters:Nabak[72],,
Naga (Leinong),lzn,DnAN,hh:typ:Gwa:Leinong-Naga[87],,
Naga (Mao),nbi,nADN,hh:g:Giridhar:MaoNaga[248],"The formula includes demonstratives before the noun, but the discussion implies that the postnominal position is more common.",
Naga (Tangkhul),nmf,nAND,hh:s:Arokianathan:Tangkhul[145],,
Nahuatl (Huasteca),nhe,DNnA,hh:g:BellerBeller:Huasteca[233],"Formula p. 251 says Dem-Num-A-N-A, but the text says that it is adjectives for ‘good’ and ‘big’ that precede the noun, while others follow, so I treat N-Adj as basic.",
Nalik,nal,nAND,hh:g:Volker:Nalik[109],,
Nama,naq,DNAn,hh:g:Hagman:Nama:1977[21],,
Namia,nnm,nAND,hh:g:FeldpauschFeldpausch:Namia[51],,
Nanerge,sen,DnAN,"hh:g:Ouedraogo:Nanerge[460, 470, 477]",,
Nankina,nnk,DnAN,"hh:g:SpauldingSpaulding:Nankina[118, 148-149]",,
Nar-Phu,npa,DnAN,hh:s:Noonan:Nar-Phu[348],,
Nchane,ncr,nDNA,hh:s:Boutwell:Nchane[9],,
Ndumu,nmd,nAND,biton1969[628],,
Ndut,ndv,nAND,hh:g:Morgan:Ndut[44],,
Ndyuka,djk,NAnD,"hh:g:HuttarHuttar:Ndyuka[203, 215, 220]",,
Nenets (Tundra),yrk,DNAn,hh:g:Nikolaeva:Tundra-Nenets[171],,
Nepali,npi,DNAn,"hh:g:Acharya:Nepali:1990[98, 100];hh:g:Acharya:Nepali[98, 100]",,
Newari (Kathmandu),new,DAnN,"hh:s:Malla:Newari[71, 85]",,
Ngaanyatjarra,ntj,nAND,hh:g:Douglas:Western-Desert:1964[85],,
Ngäbere,gym,nAND,hh:g:Quesada:Guaymi[147-149],,
Nggem,nbq,nAND,hh:g:Etherington:Nggem[42],,
Ngizim,ngi,nAND,hh:g:Schuh:Ngizim[165-166],,
Nias,nia,nAND,,"Numerals in Nias either precede or follow the noun, but when definite follow the noun.",Lea Brown (pc)
Nimboran,nir,DnAN,hh:g:May:Nimboran[161],,
Niuean,niu,NnAD,"hh:g:Seiter:Niuean:1980[27, 46]",,
Nkonya,nko,nAND,hh:g:Painter:Gonja[282],,
Nkore-Kiga,cgg,nDAN,hh:g:Taylor:Nkore-Kiga[55],,
Noon,snf,nDAN,hh:g:Soukka:Noon[133],,
Northern Mao,myf,DNAn,hh:g:Ahland:Northern-Mao[309],,
Norwegian,nor,DNAn,hh:typ:Lohndal:Norwegian[294],,
Nuaulu,nxl,nAND,hh:g:Bolton:Nuaulu[71],,
Nubian (Dongolese),dgl,DnAN,"hh:g:Armbruster:Dongolese[320, 359]",,
Nubian (Kunuz),xnz,DnAN,"hh:g:Abdel-Hafiz:Kunuz[205, 207]",,
Nung (in Vietnam),nut,NnAD,hh:g:SaulWilson:Nung[14],,
Nuosu,iii,nAND,hh:g:Gerner:Nuoso[64],,
Nupe,nup,nADN,hh:s:Smith:Nupe[19-20],,
Nyakyusa,nyy,nDNA,hh:typ:Lusekelo:Nyakyusa[322],,
Nyangatom,nnj,nAND,hh:s:SchroderKadanya:Nyangatom[20],,
Odoodee,kkc,nAND,hh:s:HaysHays:Odoodee[55],,
Ofayé,opy,DNnA,hh:g:deOliveira:Ofaye[106],,
Ömie,aom,DnAN,"hh:s:AustingUpia:Omie[522-523, 528]",,
Oriya,ory,DAnN,hh:g:NeukomPatnaik:Oriya[125],"Although the numeral more often precedes the noun in Oriya, it more commonly follows if the noun phrase is definite (Neukom and Patnaiki (2003: 117). Since noun phrases with a demonstrative are definite, I treat the language as Dem-A-N-Num.h",
Orokaiva,okv,nAND,hh:s:Healeyetal:Orokaiva[49],,
Oromo (Harar),hae,nAND,hh:g:Owens:Oromo[86],,
Oromo (Waata),ssn,nNAD,hh:s:Heine:Waata[35],,
Ossetic,oss,DNAn,,,David Eschler (pc)
Otomí (Mezquital),ote,DNAn,hh:g:Hess:Mezquital[47-49],,
Otomí (Santiago Mexquititlan),otq,DNnA,"hh:gt:Palancar:Hnohno[92, 119]",,
Ottawa,otw,DNnA,"hh:typ:KatholRhodes:Ojibwe[75, 78]",,
Pacoh,pac,NnAD,hh:g:Alves:Pacoh:2006[43],,
Padoe,pdo,NnAD,"hh:typ:Karhunen:Padoe[17, 45]",,
Páez,pbb,DNnA,fabreall2009ann:Nasa120[202],,
Pagu,pgu,nDAN,hh:s:Wimbish:Pagu[25],,
Palauan,pau,DNAn,hh:g:Josephs:Palauan:1997-1999[480],,
Palaung,pll,nAND,hh:g:Mak:Golden-Palaung[24],,
Palikur,plu,DNnA,hh:s:GreenGreen:Palikur[23-25],,
Palula,phl,DNAn,hh:g:Liljegren:Palula[245];hh:g:Liljegren:Palula:2016[280],,
Pame (Southern),pmz,DNnA,hh:s:Manrique:Pame[346],,
Panare,pbh,DNAn,hh:g:PaynePayne:Panare[268],,
Panjabi,pan,DNAn,wals:2115[167],,
Parauk,prk,nADN,hh:g:Seng:Wa[61],,
Paresi,pab,DNnA,hh:g:Brandao:Paresi-Haliti[218],"The formula in Brandão (2014: 218) shows the demonstrative and numeral preceding the noun, in that order, while she says (p. 131) that the adjective more often follows then noun.",
Pashto,pst,DNAn,hh:g:TegeyRobson:Pashto[171];hh:s:RobsonTegey:Pashto[754],,
Patpatar,gfk,DNAn,"hh:g:Condra:Patpatar[89, 92-93, 103-104]","The formula given by Condra (1989: 89) shows both demonstratives and adjectives either preceding or following the noun, but the discussion on pp. 92-93 implies that DemN is basic while that on 103-104 implies that AdjN is basic)",
Pawaian,pwa,DAnN,hh:s:Trefry:KumanPawaian[38],"Although the formula in Trefry (1969: 38) provides the possibility of adjectives either preceding or following the noun, the discussion on p. 38 implies that the prenominal position is the dominant one.",
Pendau,ums,NnAD,hh:g:Quick:Pendau[148],,
Piaroa,pid,DnAN,hh:g:Krute:Piaroa[146],,
Pima Bajo,pia,DNAn,hh:g:Estrada:Pima-Bajo:2014[114],,
Pingilapese,pif,nAND,hh:s:GoodWelley:Pingilapese[8],,
Pitjantjatjara,pjt,nDAN,"hh:g:Bowe:Pitjantjatjara[31, 35]",,
Plang,blr,nAND,hh:s:Lewis:Man-Noi-Plang[52],,
Poko-Rawo,rwa,nAND,,,own fieldwork
Polish,pol,DNAn,,,Barbara Jacennik (pc)
Popoluca (Sierra),poi,NDAn,"hh:g:deJong:Sierra-Popoluca[237, 248]","It is clear from de Jong Boudreault (2009: 237, 248) that all three modifiers of the noun precede the noun and that the numeral precedes both the demonstrative and the adjective. Lynda de Jong Boudreault (pc) confirms that the demonstrative precedes the adjective.",Lynda de Jong Boudreault (pc)
Port Sandwich,psw,nADN,hh:s:Crowley:PortSandwich[653],,
Pumi,pmi,DnAN,hh:g:Ding:Prinmi;hh:g:Ding:Prinmi:2014[162],,
Purki,prx,DAnN,hh:s:Rangan:Purki[122];mpieva:Sharma2004Adescrip[72],,
Qiang,cng,nADN,hh:g:LaPollaHuang:Qiang[39],,
Quechua (Huallaga),qub,DNAn,hh:g:Weber:Huallaga:1989[17],,
Ramoaaina,rai,NAnD,"hh:s:DaviesFritzell:Ramoaaina[21, 39]","The formula given by Davies and Fritzell (1992: 39) includes slots for adjectives both before and after the noun, but only a few adjectives follow the noun (p. 21).",
Rapanui,rap,NnAD,hh:typ:Chapin:Easter-Island[152],,
Rendille,rel,nDNA,zurich:Heine1976-2[196],,
Rengao,ren,NnAD,"hh:g:Gregorson:Rengao[125, 130]",,
Resígaro,rgr,DNAn,hh:g:Allin:Resigaro[223],,
Retuarã,tnc,DnNA,hh:g:Strom:Retuara[53],"Modifiers in general precede the noun in Retuarã, but only one modifier can precede the noun; in noun phrases containing a demonstrative, numeral and adjective, the demonstrative precedes the noun while the numeral and adjective follow, in that order (Strom 1992: 53).",
rGyalrong (Caodeng),jya,DnAN,hh:s:Sun:Caodeng[498],,
Roro,rro,nADN,hh:s:KimKim:Waima[41],,
Rotuman,rtm,nAND,hh:s:Schmidt:Rotuman[823];hh:s:Vamarasi:Rotuman[46],,
Roviana,rug,NnAD,hh:s:Corston-Oliver:Roviana[476],,
Rukai (Tanan),dru,DNAn,hh:g:Li:Rukai[73],,
Runyankore,nyn,nDAN,hh:g:MorrisKirwan:Runyankore[167],,
Russian,rus,DNAn,rijkhoff1997[343],,
Samba Leko,ndi,nAND,hh:g:Fabre:SambaLeko:2002[202],,
Sandawe,sad,DnAN,hh:g:Eaton:Sandawe:2008[108];hh:g:Steeman:Sandawe;hh:s:vandeKimmenade:Sandawe,"The classification of Sandawe as DemN is based on Eaton (2008). Both Steeman (2012) and van de Kimmenade (1954: 17) claim that NDem is the basic order. However, Eaton claims that the postnominal one is anaphoric, implying the prenominal one is exophoric.",
Sango,sag,AnND,hh:g:Samarin:Sango[62],,
Sanjiang Kam,cov,NnAD,hh:g:Wu:Sanjiang-Kam[173],,
Santa,sce,DNAn,hh:g:Field:Santa[243],,
Santali,sat,DNAn,hh:s:Ghosh:Santali[76],,
Sarcee,srs,DNnA,hh:g:Cook:Sarcee[60],,
Sardinian,sro,DNnA,hh:g:Jones:Sardinian[45],,
Sare,dju,DNAn,hh:g:Sumbuk:Sare[125],,
Saryg Yugur,ybe,DNAn,hh:g:Roos:Western-Yugur[138],,
Savosavo,svs,DNAn,hh:g:Wegener:Savosavo[121];hh:g:Wegener:Savosavo:2012[119],,
Secoya,sey,DNAn,hh:g:JohnsonLevinsohn:Secoya[50],,
Seediq,trv,NnAD,hh:s:Tsukida:Seediq:2005[304],,
Seimat,ssg,NnAD,hh:g:WoznaWilson:Seimat[32],,
Selaru,slu,nAND,hh:g:Coward:Selaru[44],,
Selayar,sly,NnAD,"hh:s:Basri:Selayarese[37, 38, 44, 86, 89]","Numerals precede nouns Basri (1999: 37), while adjectives follow nouns (p. 38) and demonstratives are enclitics that attach to adjectives if there is one (p. 44, 86, 89).",
Selee,snw,nAND,hh:g:Agbetsoamedo:Selee[27],,
Selepet,spl,nAND,hh:s:McElhanon:Selepet[76],,
Selknam,ona,DNnA,"hh:g:Najlis:Selknam[54, 74]",Semantic adjectives occur in relative clauses attributively and these follow the noun (Najlis 1973: 74). The demonstrative and numeral precede the noun in that order (Najlis 1973: 54),
Serbian-Croatian,srp,DNAn,hh:s:BrowneAlt:BosnianCroatianSerbian[63],,
Shughni,sgh,DNAn,hh:s:EdelmanDodykhudoeva:Shughni[801],,
Sidaama,sid,DNAn,eballiso2009:52629[513],,
Sinaugoro,snc,DnAN,hh:s:Kolia:Balawaia[123],,
Sio,xsi,nAND,hh:s:ClarkClark:Sio[46],,
Siona,snn,DNAn,hh:g:Wheeler:Siona[76],,
Sipakapense,qum,DNAn,"hh:g:Barrett:Sipakapense[200, 202]",,
Siroi,ssd,nAND,hh:g:Wells:Siroi[44],,
Sisaala (Western),ssl,nADN,hh:s:Moran:Isaalo[113],,
Sisiqa,,NnAD,hh:s:Ross:Sisiqa[460],,
Slave,den,DnNA,hh:g:Rice:Slave[998],,
So,teu,nDNA,hh:hv:Serzisko:Kuliak[391],,
Spanish,spa,DNnA,hh:s:Green:Spanish[104],,
Sre,kpm,NnAD,hh:g:Manley:Sre[82],,
Stieng,sti,nAND,hh:s:Miller:Stieng[21],,
Sudest,tgo,nAND,hh:s:AndersonRoss:Sudest[330],,
Sulka,sua,nNAD,hh:s:Tharp:Sulka[115],,
Sundanese,sun,NnAD,hh:g:Hardjadibrata:Sundanese[38-40],,
Swahili,swh,nDAN,"hh:g:Ashton:Swhaili:1977[52];eballiso2009:2696[142, 144]",,
Taba,mky,nAND,hh:g:Bowden:Taba:1997[204];hh:g:Bowden:Taba[179],,
Tadaksahak,dsq,nDNA,hh:g:Christiansen-Bolli:Tadaksahak[143],,
Tafi,tcd,nAND,hh:g:Bobuafor:Tafi[99],,
Taiof,sps,NnAD,autotyp:2618[429-430],,
Takia,tbc,nADN,hh:s:Ross:Takia[227],,
Tamambo,mla,nADN,hh:g:Jauncey:Tamambo[177],,
Tamang (Eastern),taj,DAnN,hh:s:Mazaudon:Tamang[297],,
Tamil,tam,DNAn,hh:s:Asher:Tamil:1982[65],,
Tariana,tae,DnNA,"hh:g:Aikhenvald:Tariana[475, 477, 479]","The demonstrative always precedes the noun, and although adjectives and numeral can either precede or follow the noun, only one modifier of the noun can precede the noun, so in noun phrases containing a demonstrative, numeral and adjective, the numeral and adjective will both follow the noun (Aikhenvald 2003: 479). When there are both a numeral and adjective following the noun, the numeral comes first (p. 477).",
Tatana',txx,NnAD,hh:g:Dillon:Tatana[13];hh:typ:PeckChan:Tatana[207],,
Tatar,tat,DNAn,hh:g:Poppe:Tatar[114],,
Tauya,tya,DnAN,"hh:g:MacDonald:Tauya[85, 105]",,
Tawala,tbo,DnAN,hh:g:Ezard:Tawala[139],,
Tboli,tbl,NnAD,hh:g:Porter:Tboli[52],"Although the formula Dem-Num-N-A-Dem gives two positions for demonstratives, the examples in the grammar are overwhelmingly NDem.",
Temiar,tea,NnAD,hh:s:Benjamin:Temiar[155];hh:est:Carey:Tengleq,,
Teop,tio,NnDA,wals:4234[42];mosel2007[97],,
Tepehua (Huehuetla),tee,DNAn,hh:g:Kung:Huehuetla[405],,
Thai,tha,nAND,hh:g:Smyth:Thai[36],,
Thavung,thm,nAND,hh:g:Srisakorn:Thavung[88],,
Tibetan (Drokpa),bod,nAND,hh:gt:Kretschmar:Dropkas[84],,
Tibetan (Modern Literary),bod,nADN,hh:g:Goldstein:Tibetan[51-52],,
Tibetan (Standard Spoken),bod,nADN,hh:s:DeLancey:Lhasa[273],,
Tidore,tvo,nAND,hh:g:vanStaden:Tidore[193],,
Tifal,tif,nAND,hh:s:Boush:Tifal[43-44],,
Tigak,tgc,NnAD,"hh:g:Beaumont:Tigak[58, 60, 64]",,
Tikar,tik,nAND,hh:g:Stanley:Tikar[211],,
Tiwi,tiw,DNAn,mpieva:Osborne1974TheTiwil[73],,
Tommo So,dto,nAND,"hh:g:McPherson:Tommo-So[106, 169]",,
Tondano,tdn,nAND,hh:g:Sneddon:Tondano[114],,
Toratán,rth,NnAD,hh:s:HimmelmannWolff:Toratan[28],,
Torwali,trw,DNAn,hh:g:Lunsford:Torwali[45],,
Towa,tow,DNnA,hh:s:Myers:Towa[6-8],,
Trique (Copala),trc,NnAD,hh:g:Hollenbach:Copala-Trique[279],,
Tsez,ddo,DNAn,hh:s:AlekseevRadzhabov:Tsez[148],,
Tshangla,tsj,DAnN,hh:g:Andvik:Tshangla:1999[124];hh:s:Andvik:Tshangla[441];hh:g:Andvik:Tshangla[78],,
Tsimshian (Coast),tsi,NAnD,hh:g:Dunn:Tsimshian[56-57],,
Tubar,tbu,DNnA,hh:es:Lionnet:Tubar[41],,
Tugun,tzn,nAND,hh:g:Hinton:Tugun[45],,
Tujia (Northern),tji,DnAN,hh:g:Brassettetal:Tujia[106],,
Tukang Besi,khc,nAND,hh:g:Donohue:TukangBesi[304],,
Tungak,lcm,NnAD,hh:s:Fast:Tungak[34],,
Turkana,tuv,nAND,hh:g:Dimmendaal:Turkana[206],,
Turkish,tur,DNAn,hh:g:Kornfilt:Turskish[109],,
Tzeltal,tzh,DNAn,hh:g:Polian:Tseltal[163];hh:g:Polian:Tseltal-Oxchuc[395],,
Udihe,ude,DNAn,hh:g:NikolaevaTolskaya:Udihe[505],,
Udmurt,udm,DNAn,hh:s:Winkler:Udmurt[69],,
Uldeme,udl,nADN,hh:sd:deColombel:Ouldeme[29],,
Una,mtg,DnNA,hh:g:Louwerse:Una[92],,
Unua,onu,nAND,hh:s:Pearce:Unua[186];hh:g:Pearce:Unua[206],,
Urarina,ura,DNnA,hh:g:Olawsky:Urarina[654],,
Urdu,urd,DNAn,,,Z. Faquih (pc)
Urim,uri,nAND,hh:g:HemmilaLuoma:Urim[122],,
Usan,wnu,nAND,hh:g:Reesink:Usan[120],,
Uzbek,uzn,DNAn,hh:s:Boeschoten:Uzbek[371],,
Vai,vai,nAND,hh:g:Welmers:Vai[66],,
Vietnamese,vie,NnAD,hh:s:Binh:Vietnamese-Tagmemic[139],,
Vinitiri,vmg,DNnA,hh:g:Vandermark:Vinitiri[110],,
Vinmavis,vnm,nAND,hh:s:Crowley:Vinmavis[642],,
Waigali,wbk,NDAn,hh:g:Degener:Nisheygram[226-227],,
Wakhi,wbl,DNAn,hh:s:Bashir:Wakhi[840],,
Wala,lgl,NnAD,hh:g:Lovegren:Wala:2015[109],,
Walman,van,nAND,,,own data
Wappo,wao,DnNA,hh:g:Thompsonetal:Wappo[8],,
Warembori,wsa,nADN,hh:s:Donohue:Warembori[20],,
Waskia,wsk,nAND,hh:g:RossPaol:Waskia[38],,
Welsh,cym,NnAD,willis2006[5],,
Woisika,woi,nAND,hh:s:Schapper:Kamang[307],,
Woleaian,woe,NnAD,"hh:g:Sohn:Woleaian[168, 170]",,
Wolio,wlo,NnAD,hh:s:Anceaux:Wolio[37],,
Wolof,wof,NnAD,hh:g:Njie:Wolof-Gambie[69-74],"The demonstrative follows the noun (Njie 1982: 72-73), as does the adjective, but preceding the demonstrative (Njie 1982: 74). The numeral precedes the noun (Njie 1982: 69).",
Wuvulu,wuv,DNAn,hh:g:Hafford:Wuvulu:2014[66],,
Xârâcùù,ane,NAnD,hh:s:Lynch:Xaracuu[769],,
Xasonga,kao,DnAN,"hh:ld:Koite:Xasonga[115, 118]",,
Xinca (Guazacapán),xin,NAnD,"hh:hvs:Rogers:Xinkan[196, 219]","The formula given by Rogers (2010: 219) shows two positions for adjectives, one before the noun and one after the noun, but he reports (p. 196) that the prenominal position is more common.",
Xong,mmr,NnAD,"hh:g:Sposato:Xong[2, 319]",,
Yaaku,muu,nAND,hh:s:Heine:Yaaku[40],,
Yagaria,ygr,DAnN,hh:g:Renck:Yagaria[167],"The formula in Renck (1975: 167) allows adjectives in postnominal position, but p. 180 implies that the prenominal position is the dominant one.",
Yagua,yad,DNnA,hh:g:PaynePayne:Yagua[349],,
Yakan,yka,nAND,hh:g:BrainardBehrens:Yakan[29-30],"Both orders of numeral and noun in Yakan are possible, but the prenominal one is for indefinite noun phrases while the postnominal one is for definite noun phrases. Since noun phrases containing a demonstrative are definite, I treat the NNum order as basic for the purposes of this study. Although Brainard and Behrens (2002) do not appear to discuss the order of postnominal adjective and numeral in Yakan, there is a clitic -in (of complex function) that follows adjectives but precedes numerals, implying that the position for adjectives precedes that for numerals.",
Yale (Kosarek),kkl,nAND,hh:sd:Heeschen:Yale[29],,
Yapese,yap,NnDA,"hh:g:Jensen:Yapese[153, 166, 168]",,
Yaqui,yaq,DNAn,"hh:g:Lindenfeld:Yaqui[25-26, 78]",,
Yay,pcc,NnAD,hh:g:Boonsawasd:Bouyei[152],,
Yemsa,jnj,DNAn,hh:g:Lamberti:Yemsa[270],,
Yeri,yev,nAND,hh:g:Wilson:Yeri[303],,
Yoruba,yor,nAND,hh:g:Bamgbose:Yoruba[124];hh:g:Rowlands:Yoruba[125],,
Yuchi,yuc,DnAN,"hh:g:Linn:Yuchi[399, 403, 408];mpieva:Wagner1934Yuchi[346]",,
Yuqui,yuq,DnAN,hh:g:Villafane:Yuki[79],,
Zapotec (Isthmus),zai,NnAD,wals:4718[40],,
Zapotec (Juarez),zaa,NnAD,hh:g:Foreman:Macuiltianguis[203],,
Zapotec (Zoogocho),zpq,NnAD,hh:g:Sonnenschein:San-Bartolome-Zoogocho-Zapotec:2004[154],,
Zarma,dje,nAND,hh:g:Tersis:Zarma[121-122],,
Zazaki,diq,DNnA,hh:s:Paul:Zazaki[128],,
